CrimeCategory,2017,2018,2019,2020,2021,2022,2023
Contact crime (Crimes against the person),-10.8,-10.3,7.8,-58.5,125.8,19.5,-19.38
TRIO Crime,10.7,0.0,-12.9,-44.4,53.3,26.1,-48.28
Contact-related crime,-24.4,-3.1,-6.3,-42.4,47.1,10.0,16.36
Property-related crime,-26.4,-17.9,6.7,-54.9,60.8,-2.9,2.64
Other serious crime,-17.9,-9.8,-10.1,-34.4,39.5,-4.5,22.29
17 Community reported serious crime,-20.0,-12.5,0.2,-48.5,65.1,3.7,2.27
Crime detected as a result of police action,-2.6,36.9,-29.6,-84.5,473.3,-7.8,-26.05
